Applicant Name,Email,Phone,Domain Applied,University,Application Date,Status
Steven Miller,jessebenson@example.net,03171484348,Digital Marketing,FAST NUCES,,Rejected
Megan Joyce,brownjessica@example.org,03127194416,App Development,FAST NUCES,2025-10-15,Under Review
Danielle Odonnell,davisrodney@example.com,03348030010,Digital Marketing,Karachi University,2025-01-08,Under Review
Thomas Bradley,jason76@example.net,03106438436,Web Development,LUMS,2025-12-30,Under Review
Kimberly Smith,housemelinda@example.org,03202813543,Web Development,Karachi University,2025-11-12,Selected
Jamie Chavez,francisco53@example.net,03377700828,App Development,NED University,2025-10-21,Under Review
Heather Chavez,john13@example.com,03193180906,App Development,Sukkur IBA,2025-08-28,Selected
Eric Byrd,tsanders@example.org,03349106886,Graphic Design,Comsats,2025-08-12,Under Review
Steven Stevens,ryangross@example.net,03339906224,Data Science,LUMS,2025-10-22,Selected
Mary Martinez,william65@example.com,03405638893,Digital Marketing,LUMS,2026-03-28,Selected
Jacob Obrien,stricklandfrank@example.com,03395825658,App Development,Not Specified,2025-08-24,Selected
Alec Ryan,jeffrey10@example.org,03168443690,Data Science,Sukkur IBA University,2026-06-28,Selected
Emily Fischer,usalazar@example.net,03409706768,Data Science,SIBA,2025-12-19,Under Review
Jeffrey Wood,alexander67@example.org,03161661401,Graphic Design,SIBA,2025-12-21,Selected
Diane Garcia,kennethward@example.com,03436060517,Web Development,Not Specified,2025-07-21,Under Review
Mrs. Linda Reed,samuel81@example.com,03455031966,Graphic Design,Sukkur IBA University,2026-10-06,Selected
David Beck,thomas85@example.com,03253112652,App Development,Not Specified,2026-07-15,Selected
Mary Peck,owilson@example.net,03274616647,Web Development,UET Lahore,2025-08-09,Rejected
Janet Williams,dwalker@example.com,03412770648,Data Science,FAST NUCES,2025-04-11,Selected
Abigail Potter,osbornejeffery@example.net,03142000560,Data Science,Not Specified,2026-01-21,Rejected
James Ferrell,tasha01@example.net,03126543670,App Development,Sukkur IBA,2026-04-06,Rejected
Margaret Hawkins DDS,perezantonio@example.com,03105418934,App Development,Sukkur IBA,2025-09-12,Selected
Monica Herrera,smiller@example.net,03209961380,App Development,UET Lahore,2026-02-27,Rejected
Meredith Hill,blackjames@example.org,03363592464,Web Development,SIBA,2026-05-04,Under Review
Kendra Contreras,sarah12@example.com,03255606980,Data Science,LUMS,2025-08-27,Under Review
Mr. Philip Cannon,donnaarroyo@example.org,03422344047,Web Development,NED University,2025-10-21,Under Review
David Mann,ojones@example.com,03296442241,Digital Marketing,NED University,2026-04-30,Under Review
Denise Mccann,heidi27@example.org,03143117143,Digital Marketing,Comsats,2026-05-31,Selected
Justin Baxter,sarayoung@example.org,03482921542,App Development,NED University,2026-07-08,Rejected
Laura Bush,stanleykendra@example.org,03307730428,App Development,Karachi University,2026-05-25,Rejected
Patricia Peterson,ryan70@example.net,03328106470,Web Development,Sukkur IBA University,2026-01-06,Under Review
Michael Edwards,randy47@example.com,03191409790,Graphic Design,NED University,2026-06-21,Selected
Michael Dixon,donnacampbell@example.net,03494786401,Graphic Design,Not Specified,2026-04-03,Rejected
Brenda Snyder PhD,hernandezernest@example.net,03338350099,Graphic Design,Karachi University,2025-12-17,Rejected
Richard Washington,not_provided@example.com,03448750676,App Development,SIBA,2025-10-09,Under Review
Andrew Graham,michaeljones@example.net,03456549757,Graphic Design,LUMS,2026-06-18,Selected
Alexandra Howell,jonesjason@example.com,03168132769,Digital Marketing,Sukkur IBA University,2025-09-02,Under Review
John Ray,hernandezlisa@example.com,03402126310,Web Development,UET Lahore,2025-08-16,Under Review
Sandra Parker,allenashley@example.org,03413597059,App Development,SIBA,2025-08-16,Selected
Monica Logan,smoore@example.org,03261641849,Graphic Design,Comsats,2026-05-07,Under Review
Jessica Carroll,lynchjody@example.org,03332927455,Digital Marketing,UET Lahore,2026-03-01,Under Review
Crystal Johnson,raymondramirez@example.org,03475502929,App Development,LUMS,2026-07-04,Rejected
Garrett Gibson,kathleen64@example.com,03309186400,Web Development,NED University,2025-10-16,Selected
Tiffany Barnes,tracynelson@example.com,03406790218,Digital Marketing,Not Specified,2025-07-26,Selected
Peter Vaughn DDS,bwest@example.org,03337017548,Data Science,NED University,2025-10-31,Under Review
Timothy Ramirez,dsanchez@example.net,03332817745,Graphic Design,SIBA,2026-02-24,Selected
Jenny Lewis,jenniferross@example.net,03479770838,Data Science,Sukkur IBA,2026-03-10,Rejected
Brad Allen,moorericky@example.net,03296701311,App Development,SIBA,2026-02-18,Under Review
Miss Patricia Gibson,jennifercruz@example.com,03288617381,App Development,Sukkur IBA,2025-10-13,Selected
Justin Butler,kimberlyjames@example.com,03328095702,Web Development,SIBA,2025-01-11,Rejected
Roy Torres,russellcarpenter@example.net,03172096280,Web Development,Sukkur IBA,2025-11-10,Selected
Lauren Williams,barnesbrandy@example.net,03308801207,App Development,FAST NUCES,2025-11-08,Selected
Julie Alexander,tammyking@example.com,03454607488,App Development,Comsats,2025-08-26,Under Review
Carlos Whitney,joycearnold@example.com,03393141239,Digital Marketing,UET Lahore,2026-02-06,Under Review
James Martin,georgetracy@example.org,03237728339,App Development,Sukkur IBA University,2026-06-21,Rejected
Gary Owens,clarkrobert@example.net,03199361353,Data Science,UET Lahore,2026-06-27,Selected
Benjamin Sanchez,eric84@example.net,03389468772,Digital Marketing,FAST NUCES,2026-07-11,Selected
Maria Lynch,amandasanchez@example.com,03399877065,Digital Marketing,Sukkur IBA,2025-12-01,Rejected
Michael Powell,marycalhoun@example.net,03347477326,App Development,Sukkur IBA University,2026-01-27,Selected
Angela Lopez,leonardjoe@example.org,03228053918,Graphic Design,FAST NUCES,2026-06-25,Rejected
Lori Garcia,melissa91@example.net,03139333700,Data Science,SIBA,2026-04-28,Selected
Robert Potter,jeffrey32@example.org,03234540415,Web Development,Karachi University,2025-01-08,Under Review
Javier Johnson,jesseguzman@example.net,03271109031,App Development,Comsats,2025-09-26,Selected
Spencer Johnston,wsmith@example.com,03182171218,Graphic Design,Not Specified,,Selected
Leslie Alvarado,dayderek@example.com,03197878299,App Development,Not Specified,2025-09-20,Rejected
Kimberly Robinson,lisa02@example.net,03128707870,Graphic Design,Not Specified,2025-12-17,Selected
Alex Hernandez,thomaswilson@example.org,03203937176,Graphic Design,Sukkur IBA,2026-02-01,Under Review
Rhonda Lee,hopkinsmichael@example.com,03121059486,App Development,FAST NUCES,2026-01-02,Rejected
Dr. Steven Martin,gallowayjoseph@example.com,03315674183,Data Science,Sukkur IBA,2025-10-28,Rejected
Jonathan White,harrellkenneth@example.net,03252264748,Digital Marketing,Sukkur IBA University,2026-01-17,Under Review
Martin Ross,sheila14@example.org,03414558780,Data Science,LUMS,2026-02-13,Selected
Benjamin Welch,carlosjohnson@example.com,03446075395,Digital Marketing,Sukkur IBA,2025-08-10,Under Review
Tony Vazquez,amydavenport@example.net,03238628588,Graphic Design,UET Lahore,2026-03-02,Under Review
David Hoffman,julie69@example.com,03188973915,App Development,Not Specified,2025-11-25,Selected
Sierra Johnson,kimberly63@example.com,03166059717,Digital Marketing,SIBA,2025-09-12,Rejected
Allen Rosales,tonykelly@example.com,03173345069,Web Development,Not Specified,2025-11-17,Rejected
Joseph Martinez,calebsmith@example.net,03108688755,Digital Marketing,NED University,2025-10-08,Under Review
Michael Lewis,jenniferkhan@example.net,03275727085,Data Science,Sukkur IBA,2026-01-04,Rejected
Kimberly Webb,lpetersen@example.com,03247667458,Digital Marketing,NED University,,Rejected
Jill Moore,wcole@example.org,03369312590,Graphic Design,Sukkur IBA University,2026-05-19,Selected
Jerry Henderson,steven17@example.net,03363592974,App Development,FAST NUCES,,Selected
